{
  "byType": {
    "unknown": {
      "cost": 5517,
      "hours": 18.39,
      "commits": 20
    },
    "docs": {
      "cost": 10841,
      "hours": 36.125,
      "commits": 21
    },
    "test": {
      "cost": 900,
      "hours": 3,
      "commits": 4
    },
    "chore": {
      "cost": 8297,
      "hours": 27.653999999999996,
      "commits": 49
    },
    "feat": {
      "cost": 45993,
      "hours": 153.31,
      "commits": 56
    },
    "fix": {
      "cost": 22860,
      "hours": 76.19999999999999,
      "commits": 69
    },
    "refactor": {
      "cost": 13031,
      "hours": 43.4375,
      "commits": 14
    },
    "style": {
      "cost": 3330,
      "hours": 11.100000000000001,
      "commits": 6
    },
    "perf": {
      "cost": 150,
      "hours": 0.5,
      "commits": 1
    },
    "ci": {
      "cost": 1200,
      "hours": 4,
      "commits": 1
    },
    "build": {
      "cost": 1167,
      "hours": 3.8899999999999997,
      "commits": 4
    }
  },
  "byAuthor": {
    "SirsiMaster": {
      "cost": 110436,
      "hours": 368.1065,
      "commits": 208
    },
    "GitHub Action": {
      "cost": 150,
      "hours": 0.5,
      "commits": 1
    },
    "github-actions[bot]": {
      "cost": 2625,
      "hours": 8.75,
      "commits": 35
    },
    "dependabot[bot]": {
      "cost": 75,
      "hours": 0.25,
      "commits": 1
    }
  },
  "byMonth": {
    "2025-08": {
      "cost": 37258,
      "hours": 124.1883333333333,
      "commits": 56
    },
    "2025-09": {
      "cost": 76028,
      "hours": 253.41816666666662,
      "commits": 189
    }
  },
  "byPhase": {}
}